,Unnamed: 0,Latitude,Longitude,Timestamp,Predictions
0,0,27.0716,-24.1535,1573173409,1573196119.3770988
1,1,28.4564,-22.7396,1573173439,1573195821.7001595
2,2,29.8462,-21.2601,1573173470,1573195476.2028456
3,3,31.1935,-19.7612,1573173500,1573195093.2339427
4,4,32.5199,-18.2155,1573173530,1573194666.0535276
5,5,33.8235,-16.6201,1573173560,1573194193.0519397
6,6,35.1235,-14.9439,1573173590,1573193663.264741
7,7,36.3754,-13.2385,1573173620,1573193091.9409978
8,8,37.5983,-11.4739,1573173651,1573192468.8885918
9,9,38.7899,-9.6471,1573173681,1573191792.262832
10,10,39.967,-7.7225,1573173711,1573191047.744203
11,11,41.0883,-5.7601,1573173741,1573190258.8287003
12,12,42.1706,-3.7266,1573173771,1573189413.8103936
13,13,43.2108,-1.6195,1573173801,1573188513.939558
14,14,44.2223,0.6006,1573173832,1573187545.3453298
15,15,45.1686,2.8624,1573173862,1573186544.2968502
16,16,46.0635,5.2026,1573173892,1573185501.6719606
17,17,46.9171,7.6629,1573173923,1573184407.8285847
18,18,47.6979,10.1612,1573173953,1573183309.8966908
19,19,48.4285,12.78,1573173983,1573182184.6415007
20,20,49.0814,15.4303,1573174013,1573181084.5950792
21,21,49.6661,18.1511,1573174044,1573180007.9710548
22,22,50.203,21.0773,1573174075,1573178922.9155526
23,23,50.638,23.9242,1573174105,1573177951.8682072
24,24,50.9961,26.822,1573174135,1573177059.816678
25,25,51.2788,29.8104,1573174166,1573176251.2765827
26,26,51.4752,32.782,1573174196,1573175566.8081496
27,27,51.5893,35.7754,1573174226,1573175002.9704556
28,28,51.6204,38.7783,1573174256,1573174566.6010664
29,29,51.5666,41.83,1573174287,1573174255.7947862
30,30,51.4301,44.8186,1573174317,1573174078.1946075
31,31,51.2116,47.7829,1573174347,1573174020.6389625
32,32,50.9125,50.7129,1573174377,1573174072.176895
33,33,50.5346,53.5986,1573174407,1573174218.7397203
34,34,50.0721,56.4784,1573174438,1573174448.3063505
35,35,49.5428,59.2506,1573174468,1573174735.6518838
36,36,48.932,62.0012,1573174498,1573175072.0853589
37,37,48.2629,64.6352,1573174528,1573175429.4853146
38,38,47.5168,67.2363,1573174559,1573175803.8294404
39,39,46.7215,69.7173,1573174589,1573176169.5235748
40,40,45.8687,72.1194,1573174619,1573176521.7372267
41,41,44.9617,74.4431,1573174649,1573176852.3962665
42,42,43.9877,76.725,1573174680,1573177160.5245254
43,43,42.9817,78.8918,1573174710,1573177432.6846566
44,44,41.9314,80.983,1573174740,1573177672.9157321
45,45,40.8396,83.0013,1573174770,1573177881.84794
46,46,39.6904,84.9806,1573174800,1573178064.2018213
47,47,38.5238,86.8592,1573174831,1573178217.087826
48,48,37.3243,88.6727,1573174861,1573178347.5931754
49,49,36.0733,90.453,1573174891,1573178461.7306628
50,50,34.8143,92.1452,1573174921,1573178560.4790745
51,51,33.529,93.7819,1573174951,1573178650.310247
52,52,32.2195,95.3666,1573174981,1573178735.7938573
53,53,30.8874,96.9023,1573175012,1573178821.0700178
54,54,29.5119,98.4165,1573175042,1573178911.6477077
55,55,28.1397,99.8626,1573175072,1573179008.1947145
56,56,26.7499,101.2688,1573175102,1573179115.4084458
57,57,25.3441,102.6376,1573175132,1573179236.120904
58,58,23.8998,103.9937,1573175163,1573179375.2976122
59,59,22.4657,105.2954,1573175193,1573179530.6675854
60,60,21.0191,106.5677,1573175223,1573179706.2615047
61,61,19.5613,107.8131,1573175253,1573179903.813117
62,62,18.0688,109.0539,1573175284,1573180128.6177106
63,63,16.5914,110.2517,1573175314,1573180374.566659
64,64,15.1058,111.4292,1573175344,1573180646.2250488
65,65,13.613,112.5885,1573175374,1573180944.493142
66,66,12.0885,113.7506,1573175405,1573181275.7624154
67,67,10.5831,114.8794,1573175435,1573181629.7462246
68,68,9.0729,115.9959,1573175465,1573182011.995286
69,69,7.5584,117.102,1573175495,1573182422.698339
70,70,6.0153,118.2175,1573175525,1573182869.2737978
71,71,4.4948,119.3079,1573175555,1573183336.8790224
72,72,2.9723,120.3932,1573175585,1573183831.9863083
73,73,1.4483,121.4752,1573175616,1573184353.7524998
74,74,-0.1015,122.5735,1573175646,1573184910.2097058
75,75,-1.6257,123.6537,1573175676,1573185481.4368706
76,76,-3.1494,124.7359,1573175706,1573186074.5333054
77,77,-4.6717,125.8217,1573175736,1573186687.002002
78,78,-6.1917,126.9126,1573175766,1573187315.832064
79,79,-7.7342,128.0289,1573175797,1573187968.5577343
80,80,-9.2477,129.1357,1573175827,1573188619.822339
81,81,-10.7571,130.2532,1573175857,1573189276.0053608
82,82,-12.2614,131.3831,1573175887,1573189932.220617
83,83,-13.7847,132.5467,1573175918,1573190594.086273
84,84,-15.2765,133.7077,1573175948,1573191234.0912201
85,85,-16.7609,134.8872,1573175978,1573191857.112259
86,86,-18.2368,136.087,1573176008,1573192456.5647566
87,87,-19.7277,137.3301,1573176039,1573193035.024114
88,88,-21.1835,138.5777,1573176069,1573193566.2991776
89,89,-22.6281,139.8526,1573176099,1573194053.089006
90,90,-24.0602,141.1571,1573176129,1573194488.0355089
91,91,-25.4786,142.4937,1573176159,1573194863.7634077
92,92,-26.9053,143.8882,1573176190,1573195177.4415686
93,93,-28.2922,145.2975,1573176220,1573195411.2694366
94,94,-29.6616,146.7474,1573176250,1573195563.7236226
95,95,-31.012,148.2406,1573176280,1573195627.3877246
96,96,-32.3632,149.8057,1573176310,1573195593.5787797
97,97,-33.6694,151.3948,1573176340,1573195455.9069016
98,98,-34.9511,153.0362,1573176370,1573195206.924992
99,99,-36.2063,154.7332,1573176401,1573194838.469937
100,100,-37.4532,156.5188,1573176431,1573194332.0429156
101,101,-38.6483,158.3373,1573176461,1573193694.015725
102,102,-39.8102,160.2211,1573176491,1573192904.9823925
103,103,-40.9361,162.1728,1573176521,1573191950.6135743
104,104,-42.0234,164.1954,1573176551,1573190813.092254
105,105,-43.0862,166.3268,1573176582,1573189446.341998
106,106,-44.0868,168.4996,1573176612,1573187867.2998514
107,107,-45.0396,170.7493,1573176642,1573186021.9036367
108,108,-45.9413,173.0772,1573176672,1573183868.4976227
109,109,-46.8023,175.5242,1573176703,1573181311.2983131
110,110,-47.5911,178.0101,1573176733,1573178371.557626
111,111,-48.3302,-179.384,1573176763,1573183904.0297503
112,112,-48.9923,-176.7456,1573176794,1573183289.2564216
113,113,-49.5865,-174.0371,1573176824,1573182637.5153496
114,114,-50.1097,-171.2628,1573176854,1573181967.2891803
115,115,-50.566,-168.3813,1573176884,1573181284.7375035
116,116,-50.9377,-165.4944,1573176914,1573180628.624361
117,117,-51.2306,-162.5646,1573176944,1573180001.8526332
118,118,-51.4429,-159.601,1573176975,1573179416.0229778
119,119,-51.5747,-156.5641,1573177005,1573178871.746727
120,120,-51.6209,-153.5653,1573177035,1573178393.2985246
121,121,-51.584,-150.5659,1573177065,1573177975.1155317
122,122,-51.4643,-147.5768,1573177095,1573177618.3878117
123,123,-51.2624,-144.6096,1573177125,1573177322.7165802
124,124,-50.9744,-141.6265,1573177156,1573177081.9061127
125,125,-50.6115,-138.7347,1573177186,1573176899.9209373
126,126,-50.1719,-135.8939,1573177216,1573176767.5322585
127,127,-49.6581,-133.112,1573177246,1573176679.5808718
128,128,-49.0627,-130.3506,1573177277,1573176629.94781
129,129,-48.4083,-127.7051,1573177307,1573176614.791692
130,130,-47.6891,-125.1333,1573177337,1573176627.814663
131,131,-46.9082,-122.6378,1573177367,1573176664.756275
132,132,-46.0549,-120.181,1573177398,1573176722.7388692
133,133,-45.1603,-117.8436,1573177428,1573176796.9049497
134,134,-44.2144,-115.5848,1573177458,1573176885.7280862
135,135,-43.2034,-113.3672,1573177488,1573176989.3807776
136,136,-42.1638,-111.2625,1573177518,1573177103.6437595
137,137,-41.0822,-109.2313,1573177548,1573177229.9232724
138,138,-39.9617,-107.2712,1573177579,1573177368.4016619
139,139,-38.7854,-105.3485,1573177609,1573177522.433915
140,140,-37.5946,-103.5233,1573177639,1573177687.9401193
141,141,-36.3726,-101.7604,1573177669,1573177868.564444
142,142,-35.1217,-100.0567,1573177699,1573178065.5785763
143,143,-33.844,-98.4087,1573177729,1573178280.235299
144,144,-32.5199,-96.7876,1573177760,1573178517.737792
145,145,-31.1943,-95.2429,1573177790,1573178771.4039266
146,146,-29.8476,-93.7446,1573177820,1573179045.7222152
147,147,-28.4817,-92.2902,1573177850,1573179341.1488087
148,148,-27.0744,-90.8528,1573177881,1573179663.443166
149,149,-25.674,-89.4774,1573177911,1573180001.7196636
150,150,-24.2586,-88.1372,1573177941,1573180360.633045
151,151,-22.8292,-86.8292,1573177971,1573180739.3801544
152,152,-21.3632,-85.5302,1573178002,1573181143.4124012
153,153,-19.9096,-84.2802,1573178032,1573181557.9482226
154,154,-18.4456,-83.0554,1573178062,1573181987.566125
155,155,-16.9722,-81.8535,1573178092,1573182430.126486
156,156,-15.4653,-80.6527,1573178122,1573182890.9557173
157,157,-13.9757,-79.4905,1573178153,1573183352.216066
158,158,-12.4793,-78.3449,1573178183,1573183818.7650282
159,159,-10.9769,-77.2139,1573178213,1573184287.8315554
160,160,-9.4694,-76.0956,1573178243,1573184756.5853117
161,161,-7.9323,-74.9699,1573178273,1573185229.9455214
162,162,-6.4166,-73.8717,1573178303,1573185689.7058272
163,163,-4.898,-72.7807,1573178333,1573186141.0628822
164,164,-3.3771,-71.6951,1573178364,1573186581.6538866
165,165,-1.8295,-70.5955,1573178394,1573187016.2093213
166,166,-0.3062,-69.5158,1573178424,1573187428.6999452
167,167,1.2679,-68.4006,1573178455,1573187837.5414402
168,168,2.8161,-67.3018,1573178486,1573188221.2632973
169,169,4.3376,-66.2178,1573178516,1573188579.7896965
170,170,5.8825,-65.1108,1573178547,1573188924.4492223
171,171,7.3995,-64.0152,1573178577,1573189243.7397466
172,172,8.9132,-62.911,1573178607,1573189543.6086476
173,173,10.4227,-61.7968,1573178637,1573189824.3656652
174,174,11.9526,-60.6514,1573178667,1573190091.0460918
175,175,13.4518,-59.5106,1573178697,1573190335.803488
176,176,14.9694,-58.3344,1573178728,1573190567.9368649
177,177,16.4549,-57.1594,1573178758,1573190781.0553217
178,178,17.9322,-55.9643,1573178788,1573190980.4022708
179,179,19.4002,-54.7471,1573178818,1573191167.1973224
180,180,20.8824,-53.4847,1573178849,1573191345.3640592
181,181,22.3291,-52.2159,1573178879,1573191510.0475442
182,182,23.7636,-50.9181,1573178909,1573191664.7934668
183,183,25.1847,-49.5886,1573178939,1573191809.8606963
184,184,26.5912,-48.2249,1573178969,1573191944.9454296
185,185,28.0049,-46.8006,1573179000,1573192071.1712716
186,186,29.3781,-45.3594,1573179030,1573192182.9065502
187,187,30.7324,-43.8756,1573179060,1573192280.0962238
188,188,32.0662,-42.3464,1573179090,1573192359.7820983
189,189,33.3993,-40.7418,1573179121,1573192419.1056752
190,190,34.6865,-39.1113,1573179151,1573192451.5845892
191,191,35.9476,-37.4258,1573179181,1573192453.2978344
192,192,37.1806,-35.6821,1573179211,1573192418.516525
193,193,38.4031,-33.8465,1573179241,1573192339.3515303
194,194,39.5723,-31.976,1573179271,1573192211.877019
195,195,40.7062,-30.038,1573179301,1573192028.597007
196,196,41.8023,-28.0293,1573179332,1573191783.1246858
197,197,42.8745,-25.9124,1573179362,1573191463.8970008
198,198,43.8848,-23.7547,1573179392,1573191076.371435
199,199,44.8482,-21.5195,1573179422,1573190612.093227
200,200,45.7611,-19.2065,1573179452,1573190069.1828375
201,201,46.6342,-16.7743,1573179483,1573189436.4826624
202,202,47.4354,-14.3029,1573179513,1573188737.037694
203,203,48.1762,-11.7539,1573179543,1573187965.8276942
204,204,48.8532,-9.1297,1573179573,1573187130.3761976
205,205,49.4724,-6.3886,1573179604,1573186225.885119
206,206,50.0106,-3.6246,1573179634,1573185294.6642148
207,207,50.4754,-0.8,1573179664,1573184337.5026364
208,208,50.8698,2.1267,1573179694,1573183354.9313776
209,209,51.1788,5.0511,1573179725,1573182396.7965739
210,210,51.4074,8.0114,1573179755,1573181464.8249545
211,211,51.5541,10.9972,1573179785,1573180576.0676708
212,212,51.6184,14.0476,1573179815,1573179732.6285386
213,213,51.5977,17.0511,1573179845,1573178975.4503686
214,214,51.4939,20.046,1573179875,1573178300.303487
215,215,51.3077,23.0212,1573179905,1573177713.8991315
216,216,51.0351,26.0148,1573179936,1573177212.0956526
217,217,50.6867,28.9184,1573179966,1573176811.300774
218,218,50.2611,31.7724,1573179996,1573176499.1719556
219,219,49.7516,34.6151,1573180027,1573176267.0032074
220,220,49.1779,37.3465,1573180057,1573176114.6068609
221,221,48.5353,40.0089,1573180087,1573176028.5341938
222,222,47.827,42.5978,1573180117,1573175999.3486085
223,223,47.043,45.1518,1573180148,1573176018.0438814
224,224,46.2126,47.5852,1573180178,1573176074.6064038
225,225,45.3115,49.9783,1573180208,1573176162.1748743
226,226,44.3727,52.253,1573180238,1573176270.1516125
227,227,43.3852,54.4498,1573180268,1573176393.2542896
228,228,42.3521,56.5706,1573180298,1573176526.0169458
229,229,41.2582,58.6508,1573180329,1573176666.3385198
230,230,40.1425,60.6245,1573180359,1573176806.0344927
231,231,38.9899,62.5294,1573180389,1573176944.7581813
232,232,37.7832,64.3982,1573180420,1573177082.7099278
233,233,36.5644,66.1729,1573180450,1573177213.9228437
234,234,35.2954,67.9158,1573180480,1573177341.7411664
235,235,34.0198,69.5732,1573180511,1573177461.3730505
236,236,32.7191,71.1775,1573180541,1573177574.5834851
237,237,31.3953,72.7315,1573180571,1573177681.2643528
238,238,30.0276,74.263,1573180601,1573177783.0888302
239,239,28.6624,75.7252,1573180631,1573177876.918377
240,240,27.2793,77.146,1573180661,1573177964.854897
241,241,25.8561,78.5511,1573180692,1573178048.7819734
242,242,24.4408,79.8977,1573180722,1573178126.5845103
243,243,23.0114,81.2113,1573180752,1573178200.623082
244,244,21.5695,82.4944,1573180782,1573178271.8799365
245,245,20.0914,83.7705,1573180813,1573178342.7928593
246,246,18.627,84.9998,1573180843,1573178412.4867878
247,247,17.153,86.2059,1573180873,1573178483.7805254
248,248,15.6703,87.3911,1573180903,1573178558.5083034
249,249,14.1799,88.5571,1573180933,1573178638.7276108
250,250,12.6578,89.7253,1573180964,1573178728.1029541
251,251,11.1546,90.8592,1573180994,1573178826.0975313
252,252,9.6462,91.98,1573181024,1573178936.5212371
253,253,8.1334,93.0897,1573181054,1573179061.830565
254,254,6.5916,94.2083,1573181084,1573179207.063524
255,255,5.0721,95.301,1573181115,1573179369.9281452
256,256,3.5502,96.3881,1573181145,1573179555.0198548
257,257,2.027,97.471,1573181175,1573179764.4825468
258,258,0.4775,98.5695,1573181205,1573180004.4967175
259,259,-1.047,99.6497,1573181235,1573180268.9552093
260,260,-2.5708,100.7308,1573181265,1573180562.8795319
261,261,-4.0936,101.8149,1573181296,1573180887.3420236
262,262,-5.6399,102.9218,1573181326,1573181249.0842547
263,263,-7.1582,104.017,1573181356,1573181636.3304589
264,264,-8.6731,105.1202,1573181386,1573182054.322232
265,265,-10.1842,106.2335,1573181416,1573182502.2212663
266,266,-11.6906,107.3586,1573181446,1573182978.509688
267,267,-13.2163,108.5163,1573181477,1573183489.6772323
268,268,-14.7107,109.6709,1573181507,1573184016.4374752
269,269,-16.1977,110.8429,1573181537,1573184563.7224157
270,270,-17.6768,112.0346,1573181567,1573185128.057232
271,271,-19.1711,113.2684,1573181598,1573185714.957241
272,272,-20.6311,114.5063,1573181628,1573186300.8287582
273,273,-22.0802,115.7706,1573181658,1573186890.365517
274,274,-23.5172,117.0636,1573181688,1573187478.488759
275,275,-24.9411,118.3879,1573181718,1573188060.0621178
276,276,-26.3739,119.7688,1573181749,1573188639.1185045
277,277,-27.7673,121.1638,1573181779,1573189191.377164
278,278,-29.1435,122.5978,1573181809,1573189721.3108737
279,279,-30.501,124.0738,1573181839,1573190224.0635397
280,280,-31.8605,125.6208,1573181869,1573190702.704111
281,281,-33.1755,127.1908,1573181900,1573191137.2047977
282,282,-34.4668,128.812,1573181930,1573191531.9702477
283,283,-35.7324,130.4875,1573181960,1573191883.6479952
284,284,-36.9906,132.25,1573181990,1573192193.9992101
285,285,-38.1979,134.0449,1573182020,1573192450.1748478
286,286,-39.3727,135.9035,1573182050,1573192655.1520243
287,287,-40.5125,137.829,1573182081,1573192806.3888173
288,288,-41.6148,139.8242,1573182111,1573192900.9184065
289,289,-42.694,141.927,1573182141,1573192934.9616315
290,290,-43.7119,144.0708,1573182171,1573192902.1372662
291,291,-44.6831,146.291,1573182201,1573192796.3156517
292,292,-45.6047,148.5892,1573182231,1573192607.5174854
293,293,-46.4873,151.0062,1573182262,1573192316.524004
294,294,-47.2984,153.4625,1573182292,1573191914.5730343
295,295,-48.0496,155.9963,1573182322,1573191374.1870348
296,296,-48.7377,158.6055,1573182352,1573190665.6040325
297,297,-49.3592,161.2868,1573182382,1573189752.1251526
298,298,-49.9195,164.082,1573182413,1573188567.8924298
299,299,-50.3973,166.894,1573182443,1573187099.0755186
300,300,-50.7995,169.7611,1573182473,1573185269.2644343
301,301,-51.1239,172.6747,1573182503,1573183013.1849067
302,302,-51.3718,175.6754,1573182534,1573180209.3706703
303,303,-51.5334,178.6546,1573182564,1573176874.7816927
304,304,-51.6125,-178.3498,1573182594,1573178565.6374893
305,305,-51.6086,-175.3488,1573182624,1573179016.5453367
306,306,-51.5195,-172.3046,1573182654,1573179480.4203024
307,307,-51.3487,-169.3278,1573182685,1573179936.250938
308,308,-51.0967,-166.3798,1573182715,1573180384.3697848
309,309,-50.7649,-163.4706,1573182745,1573180817.7481487
310,310,-50.348,-160.5616,1573182775,1573181235.4521468
311,311,-49.8621,-157.7567,1573182805,1573181617.0284557
312,312,-49.3038,-155.0147,1573182835,1573181963.7153912
313,313,-48.6761,-152.3407,1573182866,1573182270.8680718
314,314,-47.9701,-149.6964,1573182896,1573182539.2642753
315,315,-47.2122,-147.1714,1573182926,1573182758.2874675
316,316,-46.3809,-144.6843,1573182957,1573182934.6590004
317,317,-45.5067,-142.3171,1573182987,1573183063.512197
318,318,-44.5641,-139.991,1573183017,1573183151.0671902
319,319,-43.5872,-137.7813,1573183047,1573183197.504557
320,320,-42.5643,-135.6481,1573183078,1573183208.3621564
321,321,-41.4984,-133.5892,1573183108,1573183188.0003138
322,322,-40.3924,-131.6024,1573183138,1573183141.3113763
323,323,-39.2299,-129.6537,1573183168,1573183072.0595255
324,324,-38.0515,-127.804,1573183198,1573182987.884557
325,325,-36.841,-126.0177,1573183228,1573182892.9674609
326,326,-35.6008,-124.2918,1573183258,1573182792.371103
327,327,-34.3117,-122.5956,1573183289,1573182689.1641421
328,328,-33.0182,-120.9818,1573183319,1573182591.254048
329,329,-31.7013,-119.4188,1573183349,1573182500.879171
330,330,-30.3625,-117.9034,1573183379,1573182421.5673232
331,331,-28.9811,-116.4086,1573183410,1573182355.2602482
332,332,-27.6037,-114.9803,1573183440,1573182306.5848346
333,333,-26.2095,-113.591,1573183470,1573182276.1477745
334,334,-24.7994,-112.2375,1573183500,1573182265.192738
335,335,-23.3513,-110.8957,1573183531,1573182274.719429
336,336,-21.9138,-109.6071,1573183561,1573182304.627491
337,337,-20.4645,-108.3469,1573183591,1573182354.5561447
338,338,-19.0042,-107.1127,1573183621,1573182423.7919388
339,339,-17.5343,-105.9024,1573183651,1573182511.1495137
340,340,-16.0308,-104.6939,1573183682,1573182617.0317059
341,341,-14.5439,-103.5248,1573183712,1573182736.2295923
342,342,-13.0498,-102.373,1573183742,1573182868.4217522
343,343,-11.5496,-101.2367,1573183772,1573183011.523681
344,344,-10.0188,-100.0952,1573183802,1573183166.0270379
345,345,-8.5083,-98.984,1573183832,1573183324.7446265
346,346,-6.994,-97.8825,1573183863,1573183488.0938365
347,347,-5.4765,-96.789,1573183893,1573183654.2140222
348,348,-3.9312,-95.6837,1573183923,1573183824.2040021
349,349,-2.4095,-94.6009,1573183953,1573183991.039741
350,350,-0.8867,-93.5208,1573183983,1573184156.3887541
351,351,0.6366,-92.4417,1573184013,1573184319.469492
352,352,2.1849,-91.3439,1573184044,1573184482.491154
353,353,3.7072,-90.2614,1573184074,1573184640.1207078
354,354,5.2277,-89.1748,1573184104,1573184795.3688598
355,355,6.7458,-88.0823,1573184134,1573184949.0032728
356,356,8.2861,-86.9637,1573184165,1573185104.7223468
357,357,9.7974,-85.8539,1573184195,1573185258.928821
358,358,11.3041,-84.7328,1573184225,1573185415.9773808
359,359,12.8058,-83.5983,1573184255,1573185577.9743183
360,360,14.3262,-82.4295,1573184286,1573185750.0437753
361,361,15.8147,-81.2626,1573184316,1573185928.9959056
362,362,17.2956,-80.0765,1573184346,1573186120.0441408
363,363,18.7676,-78.8693,1573184376,1573186325.5497308
364,364,20.2301,-77.6384,1573184406,1573186547.8274565
365,365,21.706,-76.3608,1573184436,1573186792.991095
366,366,23.146,-75.0757,1573184467,1573187054.6915884
367,367,24.5732,-73.7601,1573184497,1573187337.8918464
368,368,25.9861,-72.4115,1573184527,1573187643.0850196
369,369,27.4071,-71.0035,1573184557,1573187975.8143845
370,370,28.7879,-69.58,1573184587,1573188324.0566986
371,371,30.1505,-68.115,1573184617,1573188691.2156062
372,372,31.4933,-66.6057,1573184648,1573189074.3661408
373,373,32.8365,-65.0228,1573184678,1573189476.2304401
374,374,34.1342,-63.4151,1573184708,1573189878.5416963
375,375,35.4069,-61.7535,1573184738,1573190281.7984498
376,376,36.6523,-60.0354,1573184768,1573190678.8018482
377,377,37.8685,-58.257,1573184798,1573191061.6173193
378,378,39.0722,-56.3846,1573184829,1573191427.0002298
379,379,40.2217,-54.476,1573184859,1573191753.4365456
380,380,41.3344,-52.4982,1573184889,1573192037.235245
381,381,42.4074,-50.4485,1573184919,1573192268.3402214
382,382,43.4547,-48.2883,1573184950,1573192439.180197
383,383,44.4386,-46.087,1573184980,1573192534.7596953
384,384,45.3737,-43.8076,1573185010,1573192550.2127223
385,385,46.2566,-41.4495,1573185040,1573192478.7004225
386,386,47.0839,-39.0129,1573185070,1573192315.266044
387,387,47.8645,-36.4559,1573185101,1573192052.0514305
388,388,48.5694,-33.8635,1573185131,1573191697.4357479
389,389,49.2086,-31.1978,1573185161,1573191250.6292531
390,390,49.7787,-28.463,1573185191,1573190717.2966428
391,391,50.2844,-25.6172,1573185221,1573190095.2150981
392,392,50.7062,-22.7607,1573185252,1573189416.3740518
393,393,51.0505,-19.855,1573185282,1573188684.9462204
394,394,51.3153,-16.9088,1573185312,1573187916.4875271
395,395,51.5012,-13.8824,1573185342,1573187114.7042775
396,396,51.6008,-10.8869,1573185372,1573186323.7573583
397,397,51.6173,-7.8836,1573185402,1573185547.446221
398,398,51.5505,-4.8835,1573185433,1573184801.6030874
399,399,51.3977,-1.8476,1573185463,1573184088.9053643
400,400,51.165,1.1114,1573185493,1573183445.215705
401,401,50.8519,4.0343,1573185523,1573182867.4469264
402,402,50.4605,6.9113,1573185553,1573182362.0703263
403,403,49.9931,9.7344,1573185583,1573181932.7740722
404,404,49.3931,12.785,1573185614,1573181546.6351242
405,405,48.7751,15.4729,1573185644,1573181278.6720665
406,406,48.0902,18.0887,1573185674,1573181083.953065
407,407,47.3418,20.629,1573185704,1573180958.119728
408,408,46.5194,23.132,1573185735,1573180895.283736
409,409,45.6533,25.5149,1573185765,1573180891.4624472
410,410,44.7338,27.8192,1573185795,1573180938.8892617
411,411,43.7645,30.0453,1573185825,1573181031.0392914
412,412,42.731,32.2298,1573185856,1573181164.2253172
413,413,41.6706,34.3029,1573185886,1573181327.6857963
414,414,40.5695,36.3034,1573185916,1573181517.5251317
415,415,39.4307,38.2339,1573185946,1573181728.0372353
416,416,38.237,40.1276,1573185976,1573181957.864362
417,417,37.03,41.9257,1573186006,1573182194.4350924
418,418,35.7928,43.6629,1573186037,1573182436.7518358
419,419,34.5278,45.3421,1573186067,1573182680.4640787
420,420,33.2153,46.9935,1573186097,1573182925.47383
421,421,31.9002,48.566,1573186127,1573183160.1293132
422,422,30.5631,50.0903,1573186157,1573183385.0878825
423,423,29.183,51.5935,1573186188,1573183600.8378823
424,424,27.8067,53.0295,1573186218,1573183797.6809428
425,425,26.4131,54.4263,1573186248,1573183977.1332524
426,426,25.0038,55.7863,1573186278,1573184137.5071185
427,427,23.5563,57.1343,1573186309,1573184279.5958636
428,428,22.1192,58.4285,1573186339,1573184398.0753367
429,429,20.6701,59.694,1573186369,1573184495.0631602
430,430,19.21,60.933,1573186399,1573184570.8758228
431,431,17.7152,62.168,1573186430,1573184626.977707
432,432,16.236,63.3607,1573186460,1573184662.6699004
433,433,14.7488,64.5336,1573186490,1573184680.7825928
434,434,13.2542,65.6889,1573186520,1573184683.4668803
435,435,11.7534,66.8284,1573186550,1573184673.220447
436,436,10.222,67.9727,1573186580,1573184652.5481672
437,437,8.711,69.0864,1573186610,1573184625.306814
438,438,7.1958,70.1901,1573186641,1573184594.801031
439,439,5.6775,71.2856,1573186671,1573184564.592517
440,440,4.1314,72.3925,1573186701,1573184538.1766984
441,441,2.6088,73.4766,1573186731,1573184520.1957946
442,442,1.085,74.5579,1573186761,1573184513.9420564
443,443,-0.4647,75.6559,1573186792,1573184523.4605203
444,444,-1.989,76.7365,1573186822,1573184551.9724653
445,445,-3.512,77.8192,1573186852,1573184602.6380079
446,446,-5.0591,78.9241,1573186883,1573184679.9629054
447,447,-6.5783,80.0166,1573186913,1573184783.8361006
448,448,-8.0945,81.1164,1573186943,1573184917.4373536
449,449,-9.6323,82.2442,1573186973,1573185085.2605464
450,450,-11.1403,83.3646,1573187003,1573185282.7867029
451,451,-12.668,84.5169,1573187034,1573185516.9808772
452,452,-14.1648,85.6656,1573187064,1573185779.937501
453,453,-15.6545,86.8309,1573187094,1573186074.3132985
454,454,-17.1366,88.0152,1573187124,1573186398.6609237
455,455,-18.6098,89.2203,1573187154,1573186750.7879188
456,456,-20.0979,90.4693,1573187185,1573187134.6345325
457,457,-21.5508,91.7235,1573187215,1573187534.2554164
458,458,-23.0163,93.0273,1573187246,1573187959.3457446
459,459,-24.4446,94.3401,1573187276,1573188391.6277573
460,460,-25.859,95.6858,1573187306,1573188833.6786187
461,461,-27.2812,97.0901,1573187336,1573189288.328372
462,462,-28.6633,98.5099,1573187366,1573189735.9421034
463,463,-30.0273,99.9707,1573187396,1573190179.2869833
464,464,-31.3722,101.476,1573187427,1573190614.0196772
465,465,-32.7173,103.0543,1573187457,1573191042.4433498
466,466,-34.017,104.657,1573187487,1573191446.7074838
467,467,-35.3127,106.3411,1573187518,1573191836.7493985
468,468,-36.5598,108.0543,1573187548,1573192196.9407904
469,469,-37.7776,109.8271,1573187578,1573192531.687915
470,470,-38.964,111.6628,1573187608,1573192839.5982058
471,471,-40.1352,113.5966,1573187639,1573193124.236315
472,472,-41.2503,115.5682,1573187669,1573193376.1763747
473,473,-42.4486,117.8542,1573187702,1573193625.0991766
474,474,-43.4768,119.98,1573187732,1573193819.8932352
475,475,-44.459,122.1816,1573187762,1573193988.8868203
476,476,-45.4075,124.4997,1573187793,1573194134.9185622
477,477,-46.2877,126.8587,1573187823,1573194253.0588188
478,478,-47.1124,129.2966,1573187853,1573194344.642343
479,479,-47.8902,131.8546,1573187884,1573194407.3949077
480,480,-48.5922,134.4471,1573187914,1573194433.9135652
481,481,-49.2285,137.1126,1573187944,1573194417.4182937
482,482,-49.7957,139.8469,1573187974,1573194346.4014087
483,483,-50.2985,142.6918,1573188004,1573194202.7214267
484,484,-50.7175,145.5472,1573188035,1573193971.7237828
485,485,-51.0591,148.4513,1573188065,1573193628.7400079
486,486,-51.3212,151.395,1573188095,1573193147.320008
487,487,-51.5022,154.3683,1573188125,1573192498.1889446
488,488,-51.6018,157.4112,1573188155,1573191633.904284
489,489,-51.6161,160.4115,1573188185,1573190550.8708963
490,490,-51.5473,163.4083,1573188216,1573189205.4685776
491,491,-51.396,166.3898,1573188246,1573187569.4253144
492,492,-51.1584,169.3942,1573188276,1573185582.7075167
493,493,-50.844,172.3127,1573188306,1573183290.7802677
494,494,-50.4514,175.1854,1573188336,1573180650.5882127
495,495,-49.9831,178.0042,1573188366,1573177655.41511
496,496,-49.432,-179.193,1573188397,1573182265.0393777
497,497,-48.8194,-176.5038,1573188427,1573183574.9964285
498,498,-48.1397,-173.8859,1573188457,1573184764.7745433
499,499,-47.3965,-171.3432,1573188487,1573185828.6452343
500,500,-46.5931,-168.8779,1573188517,1573186764.5718167
501,501,-45.7181,-166.4519,1573188548,1573187585.58316
502,502,-44.8035,-164.1449,1573188578,1573188267.9685152
503,503,-43.8389,-161.9158,1573188608,1573188831.200385
504,504,-42.8273,-159.7632,1573188638,1573189282.2386153
505,505,-41.7542,-157.652,1573188669,1573189633.9929183
506,506,-40.6575,-155.6484,1573188699,1573189884.166871
507,507,-39.5228,-153.7148,1573188729,1573190048.9898856
508,508,-38.353,-151.8486,1573188759,1573190138.302771
509,509,-37.1302,-150.0171,1573188789,1573190161.9556541
510,510,-35.8967,-148.2769,1573188820,1573190129.0218484
511,511,-34.6353,-146.5949,1573188850,1573190049.7946525
512,512,-33.3481,-144.9677,1573188880,1573189933.0456088
513,513,-32.0149,-143.3663,1573188910,1573189784.3484855
514,514,-30.681,-141.8397,1573188940,1573189616.064788
515,515,-29.327,-140.3587,1573188970,1573189432.6499083
516,516,-27.9541,-138.9201,1573189000,1573189239.9351351
517,517,-26.5635,-137.5207,1573189031,1573189042.8404336
518,518,-25.1338,-136.136,1573189061,1573188842.3299243
519,519,-23.7129,-134.8083,1573189091,1573188648.3011618
520,520,-22.2784,-133.512,1573189121,1573188460.0745978
521,521,-20.8321,-132.2449,1573189151,1573188279.4991426
522,522,-19.3503,-130.984,1573189182,1573188105.0211515
523,523,-17.8825,-129.7682,1573189212,1573187942.981681
524,524,-16.4056,-128.5744,1573189242,1573187790.5494175
525,525,-14.9205,-127.4005,1573189272,1573187647.4464204
526,526,-13.4284,-126.2446,1573189302,1573187513.052339
527,527,-11.9046,-125.0857,1573189333,1573187384.4815238
528,528,-10.4003,-123.9598,1573189363,1573187264.8414564
529,529,-8.891,-122.8459,1573189393,1573187150.9090033
530,530,-7.3776,-121.7422,1573189423,1573187041.5849044
531,531,-5.8356,-120.6287,1573189454,1573186934.1208186
532,532,-4.3162,-119.5401,1573189484,1573186831.1949394
533,533,-2.7948,-118.4563,1573189514,1573186730.4034362
534,534,-1.2721,-117.3756,1573189544,1573186631.4248302
535,535,0.251,-116.2964,1573189574,1573186534.2699676
536,536,1.7996,-115.1988,1573189605,1573186437.7502625
537,537,3.3219,-114.1173,1573189635,1573186345.8393
538,538,4.8428,-113.032,1573189665,1573186258.1035206
539,539,6.3617,-111.941,1573189695,1573186176.1297696
540,540,7.903,-110.8245,1573189725,1573186100.8281262
541,541,9.4153,-109.7172,1573189755,1573186037.0730195
542,542,10.9234,-108.599,1573189785,1573185986.3230138
543,543,12.4266,-107.468,1573189816,1573185951.6300268
544,544,13.924,-106.3222,1573189846,1573185936.2615695
545,545,15.4391,-105.1407,1573189876,1573185944.0303311
546,546,16.9219,-103.9597,1573189906,1573185978.237048
547,547,18.3963,-102.7579,1573189936,1573186042.3013732
548,548,19.8614,-101.5332,1573189966,1573186139.6079595
549,549,21.3402,-100.2623,1573189997,1573186275.8061953
550,550,22.7834,-98.9845,1573190027,1573186449.2720153
551,551,24.2137,-97.6769,1573190057,1573186664.0847077
552,552,25.6304,-96.3368,1573190087,1573186921.9754584
553,553,27.0555,-94.9383,1573190118,1573187229.2737577
554,554,28.4409,-93.5244,1573190148,1573187575.952051
555,555,29.8082,-92.0701,1573190178,1573187965.62336
556,556,31.1563,-90.5721,1573190208,1573188396.4113297
557,557,32.5051,-89.0017,1573190239,1573188873.1587172
558,558,33.8089,-87.4069,1573190269,1573189375.924466
559,559,35.0879,-85.7594,1573190299,1573189906.54626
560,560,36.3405,-84.0557,1573190329,1573190458.4085653
561,561,37.5842,-82.2633,1573190359,1573191032.7801063
562,562,38.7762,-80.437,1573190390,1573191601.7124903
563,563,39.9346,-78.5454,1573190420,1573192164.444201
564,564,41.0752,-76.5521,1573190450,1573192718.9760668
565,565,42.1578,-74.5197,1573190480,1573193235.5083032
566,566,43.1985,-72.4134,1573190510,1573193711.537268
567,567,44.1944,-70.2311,1573190540,1573194135.4477804
568,568,45.1575,-67.9332,1573190571,1573194501.2638233
569,569,46.0531,-65.5936,1573190601,1573194786.4675398
570,570,46.8937,-63.1755,1573190631,1573194988.275582
571,571,47.6762,-60.6792,1573190661,1573195099.3407083
572,572,48.4086,-58.0629,1573190692,1573195113.657245
573,573,49.0635,-55.4145,1573190722,1573195027.727044
574,574,49.65,-52.6961,1573190752,1573194842.4667952
575,575,50.1653,-49.9123,1573190782,1573194560.7338126
576,576,50.613,-47.0217,1573190813,1573194181.3193436
577,577,50.9758,-44.1269,1573190843,1573193725.5531108
578,578,51.2595,-41.19,1573190873,1573193199.4346516
579,579,51.4624,-38.2187,1573190903,1573192616.2038643
580,580,51.5829,-35.2268,1573190933,1573191991.8480268
581,581,51.6204,-32.1743,1573190964,1573191331.6586306
582,582,51.5733,-29.1724,1573190994,1573190674.181883
583,583,51.4432,-26.1825,1573191024,1573190025.1844864
584,584,51.231,-23.2157,1573191054,1573189400.1095092
585,585,50.9325,-20.2344,1573191084,1573188803.5866714
586,586,50.5595,-17.346,1573191114,1573188267.2392972
587,587,50.1098,-14.5094,1573191145,1573187790.6520827
588,588,49.5861,-11.7321,1573191175,1573187381.2837863
589,589,48.9913,-9.0209,1573191205,1573187044.4542453
590,590,48.3171,-6.3372,1573191235,1573186779.3605459
591,591,47.5887,-3.7723,1573191265,1573186595.767831
592,592,46.7991,-1.2846,1573191295,1573186488.0555801
593,593,45.9516,1.1252,1573191325,1573186453.9820166
594,594,45.0344,3.4939,1573191356,1573186491.4040656
595,595,44.0807,5.7449,1573191386,1573186594.7069886
596,596,43.0794,7.9185,1573191416,1573186758.7434897
597,597,42.0333,10.0167,1573191446,1573186977.9782631
598,598,40.9273,12.0743,1573191477,1573187251.0324318
599,599,39.8002,14.0271,1573191507,1573187562.5373251
600,600,38.6373,15.9117,1573191537,1573187909.8399527
601,601,37.4207,17.7609,1573191568,1573188292.8819041
602,602,36.1931,19.5172,1573191598,1573188692.056835
603,603,34.9366,21.2149,1573191628,1573189107.0206637
604,604,33.6539,22.8568,1573191658,1573189530.971992
605,605,32.3247,24.4723,1573191688,1573189964.8642945
606,606,30.9722,26.0368,1573191719,1573190395.3160107
607,607,29.6208,27.5292,1573191749,1573190809.5842566
608,608,28.2502,28.9786,1573191779,1573191209.4374442
609,609,26.8622,30.3875,1573191809,1573191590.029038
610,610,25.4578,31.759,1573191839,1573191947.24166
611,611,24.0149,33.1177,1573191870,1573192282.4706466
612,612,22.5819,34.4218,1573191900,1573192581.6644788
613,613,21.1122,35.7174,1573191930,1573192852.2901683
614,614,19.6551,36.9643,1573191961,1573193083.7529233
615,615,18.1878,38.1864,1573191991,1573193279.6115217
616,616,16.7114,39.3859,1573192021,1573193439.4730206
617,617,15.2266,40.5649,1573192051,1573193563.7686896
618,618,13.7094,41.7448,1573192081,1573193654.6260283
619,619,12.2103,42.889,1573192111,1573193710.718465
620,620,10.6805,44.0374,1573192142,1573193736.2071154
621,621,9.1706,45.1545,1573192172,1573193733.078994
622,622,7.6567,46.261,1573192202,1573193705.1848059
623,623,6.114,47.377,1573192233,1573193655.264119
624,624,4.5938,48.4677,1573192263,1573193589.034367
625,625,3.0716,49.5531,1573192293,1573193510.15938
626,626,1.5481,50.635,1573192323,1573193423.0823271
627,627,-0.0015,51.7332,1573192354,1573193330.8383896
628,628,-1.5257,52.8134,1573192384,1573193241.1012866
629,629,-3.0492,53.8952,1573192414,1573193156.9137096
630,630,-4.5713,54.9805,1573192444,1573193082.5282423
631,631,-6.1167,56.0892,1573192474,1573193021.1903896
632,632,-7.634,57.1866,1573192504,1573192978.7427723
633,633,-9.1477,58.2928,1573192534,1573192957.2682152
634,634,-10.6573,59.4095,1573192565,1573192959.7123728
635,635,-12.187,60.5575,1573192595,1573192989.0682824
636,636,-13.6855,61.701,1573192625,1573193046.027983
637,637,-15.1776,62.8607,1573192655,1573193132.0556111
638,638,-16.6869,64.0585,1573192686,1573193249.6365585
639,639,-18.1631,65.2572,1573192716,1573193394.6880672
640,640,-19.63,66.4784,1573192746,1573193567.9264908
641,641,-21.0866,67.7243,1573192776,1573193767.7385044
642,642,-22.532,68.9973,1573192806,1573193991.9036348
643,643,-23.9888,70.3218,1573192837,1573194241.7970788
644,644,-25.4078,71.6567,1573192867,1573194505.7297752
645,645,-26.8119,73.0261,1573192897,1573194783.8133464
646,646,-28.1999,74.4329,1573192927,1573195071.7988062
647,647,-29.5931,75.9042,1573192958,1573195370.123702
648,648,-30.944,77.3947,1573192988,1573195664.0679886
649,649,-32.2742,78.9312,1573193018,1573195953.8120422
650,650,-33.5819,80.5168,1573193048,1573196234.5826561
651,651,-34.8865,82.1824,1573193078,1573196506.1916564
652,652,-36.143,83.8764,1573193108,1573196755.3764293
653,653,-37.3715,85.6295,1573193139,1573196983.0878036
654,654,-38.5883,87.4745,1573193169,1573197188.8863723
655,655,-39.7518,89.3547,1573193199,1573197363.5961533
656,656,-40.8796,91.3029,1573193229,1573197508.8303087
657,657,-41.9866,93.3557,1573193260,1573197625.0523627
658,658,-43.0337,95.4488,1573193290,1573197707.9690554
659,659,-44.0364,97.6173,1573193320,1573197760.0948863
660,660,-44.9916,99.8628,1573193350,1573197782.4262183
661,661,-45.8959,102.1864,1573193380,1573197776.363561
662,662,-46.7598,104.6293,1573193411,1573197743.0492885
663,663,-47.5516,107.111,1573193441,1573197685.61552
664,664,-48.2824,109.6698,1573193471,1573197605.4785774
665,665,-48.9594,112.3474,1573193501,1573197502.3343804
666,666,-49.5572,115.0526,1573193532,1573197380.3834224
667,667,-50.0841,117.8235,1573193562,1573197237.8540194
668,668,-50.5374,120.6542,1573193592,1573197073.4619725
669,669,-50.9199,123.5855,1573193622,1573196881.0401978
670,670,-51.2168,126.5129,1573193652,1573196662.7206626
671,671,-51.4334,129.4748,1573193682,1573196410.2617133
672,672,-51.568,132.4607,1573193712,1573196117.0207477
673,673,-51.6199,135.4595,1573193743,1573195775.9788623
674,674,-51.5875,138.5091,1573193773,1573195372.7910423
675,675,-51.472,141.4985,1573193803,1573194913.6247241
676,676,-51.2745,144.4665,1573193833,1573194386.7016952
677,677,-50.9961,147.4028,1573193863,1573193787.8112621
678,678,-50.632,150.3453,1573193894,1573193103.267967
679,679,-50.1963,153.1885,1573193924,1573192356.1685853
680,680,-49.6863,155.9738,1573193954,1573191539.1275518
681,681,-49.0947,158.7388,1573193985,1573190643.0159302
682,682,-48.4438,161.3883,1573194015,1573189705.212074
683,683,-47.7279,163.9638,1573194045,1573188721.5809815
684,684,-46.9503,166.4629,1573194075,1573187702.9629426
685,685,-46.1,168.9237,1573194105,1573186643.136633
686,686,-45.2083,171.2652,1573194136,1573185587.6941893
687,687,-44.2651,173.5281,1573194166,1573184529.489026
688,688,-43.2738,175.7134,1573194196,1573183476.366347
689,689,-42.2197,177.8576,1573194226,1573182416.4012094
690,690,-41.1404,179.8924,1573194256,1573181387.1043763
691,691,-40.022,-178.1438,1573194286,1573192186.4619591
692,692,-38.8569,-176.2324,1573194317,1573193013.0069342
693,693,-37.666,-174.4002,1573194347,1573193697.5160527
694,694,-36.4457,-172.6335,1573194377,1573194258.5470414
695,695,-35.1964,-170.9263,1573194407,1573194710.3563147
696,696,-33.899,-169.2483,1573194438,1573195070.8103094
697,697,-32.5978,-167.6512,1573194468,1573195340.599739
698,698,-31.2737,-166.1038,1573194498,1573195537.8797572
699,699,-29.9285,-164.6031,1573194528,1573195673.3140273
700,700,-28.5409,-163.1223,1573194558,1573195757.6592245
701,701,-27.1579,-161.7067,1573194589,1573195796.9451687
702,702,-25.7583,-160.329,1573194619,1573195800.6635854
703,703,-24.3437,-158.9866,1573194649,1573195775.4350913
704,704,-22.8914,-157.6554,1573194679,1573195725.9579842
705,705,-21.45,-156.3762,1573194709,1573195658.561905
706,706,-19.997,-155.1245,1573194739,1573195576.3602512
707,707,-18.5337,-153.8983,1573194769,1573195482.3379385
708,708,-17.0361,-152.6751,1573194800,1573195376.8484473
709,709,-15.5543,-151.493,1573194830,1573195264.9574747
710,710,-14.0652,-150.3298,1573194860,1573195145.9621973
711,711,-12.5689,-149.183,1573194890,1573195020.3717182
712,712,-11.0416,-148.0323,1573194921,1573194886.1769423
713,713,-9.5344,-146.9135,1573194951,1573194747.6911693
714,714,-8.0225,-145.8056,1573194981,1573194602.599569
715,715,-6.5072,-144.707,1573195011,1573194450.639772
716,716,-4.9636,-143.5975,1573195042,1573194288.8362234
717,717,-3.4429,-142.5119,1573195072,1573194122.491001
718,718,-1.9207,-141.4301,1573195102,1573193949.0516171
719,719,-0.3977,-140.3505,1573195132,1573193768.9309213
720,720,1.151,-139.2533,1573195162,1573193579.661579
721,721,2.6739,-138.1727,1573195193,1573193388.4941103
722,722,4.1956,-137.089,1573195223,1573193193.8024864
723,723,5.7154,-136.0007,1573195253,1573192997.519459
724,724,7.2328,-134.9058,1573195283,1573192801.842186
725,725,8.772,-133.7843,1573195313,1573192606.3228674
726,726,10.2818,-132.6711,1573195343,1573192420.44689
727,727,11.787,-131.5459,1573195374,1573192244.3579
728,728,13.2867,-130.4069,1573195404,1573192081.7603874
729,729,14.8048,-129.2328,1573195434,1573191934.313016
730,730,16.2908,-128.0601,1573195464,1573191811.014481
731,731,17.7688,-126.8674,1573195494,1573191713.3651547
732,732,19.2383,-125.6525,1573195524,1573191645.5715873
733,733,20.7217,-124.3929,1573195555,1573191611.3538775
734,734,22.1697,-123.1271,1573195585,1573191615.5395317
735,735,23.6057,-121.8325,1573195615,1573191660.7404277
736,736,25.0283,-120.5067,1573195645,1573191749.764541
737,737,26.4366,-119.1468,1573195675,1573191884.885018
738,738,27.8521,-117.7267,1573195706,1573192071.041057
739,739,29.2276,-116.2897,1573195736,1573192302.9872081
740,740,30.584,-114.8108,1573195766,1573192582.896905
741,741,31.9202,-113.2866,1573195796,1573192909.5540016
742,742,33.256,-111.6875,1573195827,1573193286.9591146
743,743,34.5459,-110.0628,1573195857,1573193699.1522863
744,744,35.8102,-108.3833,1573195887,1573194147.177053
745,745,37.0464,-106.6461,1573195917,1573194624.7579577
746,746,38.2724,-104.8173,1573195947,1573195133.2846446
747,747,39.4456,-102.9537,1573195978,1573195647.6098225
748,748,40.5836,-101.023,1573196008,1573196166.3550937
749,749,41.6839,-99.0223,1573196038,1573196679.3799553
750,750,42.7435,-96.9489,1573196068,1573197175.5469608
751,751,43.7761,-94.764,1573196098,1573197651.0361314
752,752,44.7448,-92.5374,1573196128,1573198078.623075
753,753,45.6634,-90.2328,1573196159,1573198454.7215
754,754,46.5288,-87.8495,1573196189,1573198768.6043332
755,755,47.3505,-85.3457,1573196219,1573199013.462597
756,756,48.0981,-82.805,1573196249,1573199172.5160608
757,757,48.7821,-80.1891,1573196279,1573199243.3399827
758,758,49.3993,-77.5008,1573196309,1573199221.0086823
759,759,49.955,-74.6988,1573196340,1573199100.323025
760,760,50.4279,-71.8805,1573196370,1573198885.266565
761,761,50.8249,-69.0079,1573196400,1573198577.6385295
762,762,51.1439,-66.0881,1573196430,1573198183.2009916
763,763,51.386,-63.0823,1573196461,1573197702.1331742
764,764,51.5417,-60.0986,1573196491,1573197161.190986
765,765,51.6146,-57.0992,1573196521,1573196566.279229
766,766,51.6044,-54.0955,1573196551,1573195932.2047057
767,767,51.511,-51.0989,1573196581,1573195274.583423
768,768,51.3314,-48.0711,1573196612,1573194598.4567742
769,769,51.0727,-45.1223,1573196642,1573193942.1434164
770,770,50.7342,-42.2133,1573196672,1573193309.8179898
771,771,50.3181,-39.3527,1573196702,1573192715.3353217
772,772,49.818,-36.5019,1573196733,1573192162.3809347
773,773,49.2531,-33.762,1573196763,1573191679.8710885
774,774,48.619,-31.0908,1573196793,1573191266.719539
775,775,47.9188,-28.4927,1573196823,1573190929.4547977
776,776,47.1559,-25.9706,1573196853,1573190672.584136
777,777,46.3195,-23.4861,1573196883,1573190496.5481453
778,778,45.3495,-20.8896,1573196916,1573190403.851111
779,779,44.4129,-18.6116,1573196947,1573190406.8731415
780,780,43.4274,-16.4116,1573196977,1573190490.8336968
781,781,42.3786,-14.2529,1573197007,1573190655.5627687
782,782,41.3042,-12.2045,1573197037,1573190891.0132868
783,783,40.1711,-10.1953,1573197068,1573191199.492822
784,784,39.0191,-8.2882,1573197098,1573191564.6727629
785,785,37.8334,-6.448,1573197128,1573191983.9606018
786,786,36.5953,-4.6416,1573197159,1573192458.3945212
787,787,35.3481,-2.9253,1573197189,1573192964.5096946
788,788,34.0736,-1.2656,1573197219,1573193502.0100312
789,789,32.7742,0.3405,1573197249,1573194062.7577085
790,790,31.4292,1.9219,1573197279,1573194648.6908906
791,791,30.0848,3.4298,1573197310,1573195232.5404217
792,792,28.6976,4.9176,1573197340,1573195826.114665
793,793,27.2918,6.3628,1573197371,1573196411.9892483
794,794,25.8923,7.7456,1573197401,1573196973.925894
795,795,24.4775,9.0929,1573197431,1573197515.4218752
796,796,23.0248,10.4287,1573197461,1573198039.2330458
797,797,21.5829,11.7122,1573197491,1573198523.2064297
798,798,20.1295,12.9677,1573197522,1573198971.8883283
799,799,18.641,14.2179,1573197552,1573199388.4221087
800,800,17.1179,15.4639,1573197583,1573199768.046287
801,801,15.5858,16.6874,1573197614,1573200101.5256748
802,802,14.0952,17.8524,1573197644,1573200379.3798456
803,803,12.5978,19.0006,1573197674,1573200612.926873
804,804,11.0946,20.1337,1573197704,1573200802.806252
805,805,9.5609,21.2727,1573197735,1573200952.4860065
806,806,8.048,22.3817,1573197765,1573201059.1865926
807,807,6.5314,23.4816,1573197795,1573201128.3887277
808,808,5.0119,24.5739,1573197825,1573201163.418883
809,809,3.4648,25.6787,1573197856,1573201167.8388007
810,810,1.9416,26.7613,1573197886,1573201145.797317
811,811,0.4174,27.8418,1573197916,1573201102.1101182
812,812,-1.1068,28.9218,1573197946,1573201041.5114279
813,813,-2.6562,30.0213,1573197977,1573200967.6155076
814,814,-4.1788,31.1055,1573198007,1573200887.910364
815,815,-5.6997,32.1947,1573198037,1573200806.0676997
816,816,-7.2177,33.29,1573198067,1573200726.9315116
817,817,-8.7577,34.4121,1573198097,1573200653.830967
818,818,-10.2683,35.5258,1573198128,1573200593.441384
819,819,-11.7743,36.6515,1573198158,1573200548.25102
820,820,-13.2748,37.791,1573198188,1573200521.5673494
821,821,-14.7937,38.9655,1573198218,1573200516.2618032
822,822,-16.2802,40.1386,1573198248,1573200534.6355238
823,823,-17.7588,41.3315,1573198278,1573200578.0088658
824,824,-19.2527,42.5666,1573198309,1573200648.5680609
825,825,-20.712,43.8059,1573198339,1573200744.0826635
826,826,-22.1601,45.0715,1573198369,1573200864.9342551
827,827,-23.5962,46.366,1573198399,1573201009.88279
828,828,-25.0426,47.7141,1573198430,1573201179.938217
829,829,-26.4508,49.0744,1573198460,1573201366.9172893
830,830,-27.8431,50.4713,1573198490,1573201570.1976156
831,831,-29.2183,51.9077,1573198520,1573201786.118587
832,832,-30.5971,53.4111,1573198551,1573202014.297819
833,833,-31.9328,54.9354,1573198581,1573202242.666558
834,834,-33.2464,56.5079,1573198611,1573202470.0870953
835,835,-34.5362,58.1318,1573198641,1573202691.6273577
836,836,-35.8001,59.8101,1573198671,1573202902.226154
837,837,-37.0564,61.5755,1573198702,1573203099.9808755
838,838,-38.2621,63.3738,1573198732,1573203273.6305976
839,839,-39.4349,65.2358,1573198762,1573203421.8062785
840,840,-40.5914,67.1976,1573198792,1573203542.1602798
841,841,-41.6909,69.1979,1573198822,1573203626.86467
842,842,-42.7497,71.2706,1573198852,1573203674.9044864
843,843,-43.7649,73.418,1573198882,1573203683.6218324
844,844,-44.7335,75.6421,1573198913,1573203650.9381037
845,845,-45.6671,77.9833,1573198943,1573203573.6884522
846,846,-46.5316,80.3651,1573198973,1573203453.5221796
847,847,-47.3395,82.8253,1573199003,1573203289.226842
848,848,-48.0873,85.3628,1573199033,1573203080.9351935
849,849,-48.7827,88.0197,1573199064,1573202824.8499944
850,850,-49.3993,90.7054,1573199094,1573202530.304966
851,851,-49.9461,93.4589,1573199124,1573202194.8113315
852,852,-50.4199,96.2737,1573199154,1573201820.0223272
853,853,-50.8241,99.1916,1573199185,1573201400.5408015
854,854,-51.143,102.1081,1573199215,1573200952.3008118
855,855,-51.3818,105.0616,1573199245,1573200470.9146044
856,856,-51.5392,108.0418,1573199275,1573199959.1856143
857,857,-51.6144,111.0875,1573199306,1573199410.8170877
858,858,-51.6048,114.088,1573199336,1573198847.592086
859,859,-51.5121,117.0816,1573199366,1573198264.9265015
860,860,-51.3371,120.0566,1573199396,1573197668.2549767
861,861,-51.0758,123.0517,1573199426,1573197053.4719012
862,862,-50.7386,125.958,1573199456,1573196448.3451195
863,863,-50.3239,128.8159,1573199486,1573195851.182472
864,864,-49.8341,131.6178,1573199517,1573195271.319467
865,865,-49.2622,134.4014,1573199547,1573194710.2592092
866,866,-48.6299,137.0704,1573199577,1573194197.266083
867,867,-47.9315,139.6668,1573199607,1573193733.9593456
868,868,-47.1705,142.1875,1573199637,1573193331.425881
869,869,-46.3502,144.6307,1573199667,1573193000.152462
870,870,-45.4591,147.0338,1573199698,1573192746.3759742
871,871,-44.5296,149.3185,1573199728,1573192586.8247426
872,872,-43.551,151.5255,1573199758,1573192523.3913913
873,873,-42.5266,153.6559,1573199788,1573192560.935125
874,874,-41.4411,155.7457,1573199819,1573192705.5089438
875,875,-40.3328,157.7293,1573199849,1573192953.0465198
876,876,-39.1684,159.6743,1573199880,1573193309.8413281
877,877,-37.9883,161.5206,1573199910,1573193760.2220702
878,878,-36.7763,163.3035,1573199940,1573194302.8723345
879,879,-35.5137,165.0545,1573199970,1573194940.484187
880,880,-34.2443,166.7194,1573200000,1573195641.3470013
881,881,-32.9494,168.3306,1573200030,1573196403.000452
882,882,-31.6091,169.9167,1573200061,1573197224.7347705
883,883,-30.2689,171.4289,1573200091,1573198063.7322142
884,884,-28.8862,172.9207,1573200122,1573198929.6969929
885,885,-27.5077,174.346,1573200152,1573199775.575428
886,886,-26.0889,175.7557,1573200182,1573200608.937738
887,887,-24.6777,177.1061,1573200212,1573201381.3813138
888,888,-23.2524,178.4233,1573200242,1573202084.9088879
889,889,-21.8142,179.7097,1573200272,1573202697.0091753
890,890,-20.3398,-179.0112,1573200303,1573198171.9687533
891,891,-18.8787,-177.7791,1573200333,1573198588.8675876
892,892,-17.4079,-176.5706,1573200363,1573198974.19786
893,893,-15.9285,-175.3836,1573200393,1573199330.6958754
894,894,-14.4163,-174.1964,1573200424,1573199665.7153683
895,895,-12.9217,-173.0461,1573200454,1573199969.662362
896,896,-11.4211,-171.911,1573200484,1573200248.9931133
897,897,-9.915,-170.7891,1573200514,1573200504.1479378
898,898,-8.3793,-169.6604,1573200545,1573200738.779432
899,899,-6.8646,-168.5597,1573200575,1573200945.115738
900,900,-5.3469,-167.4668,1573200605,1573201126.8576
901,901,-3.8013,-166.3618,1573200635,1573201286.1739504
902,902,-2.2796,-165.2794,1573200665,1573201417.5829165
903,903,-0.7568,-164.1994,1573200696,1573201523.880944
904,904,0.7665,-163.1203,1573200726,1573201605.3181615
905,905,2.3148,-162.0222,1573200756,1573201663.0279658
906,906,3.8368,-160.9396,1573200786,1573201696.047747
907,907,5.3571,-159.8525,1573200816,1573201706.6171849
908,908,6.8749,-158.7594,1573200846,1573201696.383271
909,909,8.415,-157.6401,1573200877,1573201666.792744
910,910,9.926,-156.5293,1573200907,1573201621.1699567
911,911,11.4324,-155.407,1573200937,1573201562.025458
912,912,12.9334,-154.2715,1573200967,1573201492.5968149
913,913,14.4532,-153.1013,1573200998,1573201415.0131798
914,914,15.941,-151.9329,1573201028,1573201335.6608615
915,915,17.4209,-150.7452,1573201058,1573201257.2816267
916,916,18.8921,-149.5361,1573201088,1573201184.007707
917,917,20.3537,-148.3032,1573201118,1573201119.9092617
918,918,21.8287,-147.0232,1573201149,1573201068.420664
919,919,23.2675,-145.7357,1573201179,1573201035.1795864
920,920,24.6935,-144.4174,1573201209,1573201022.9629872
921,921,26.1288,-143.0428,1573201239,1573201035.4429944
922,922,27.5247,-141.6547,1573201270,1573201075.1411755
923,923,28.904,-140.2276,1573201300,1573201144.3681831
924,924,30.265,-138.759,1573201330,1573201244.8066065
925,925,31.606,-137.246,1573201360,1573201377.2796464
926,926,32.9472,-135.6589,1573201390,1573201544.7814481
927,927,34.2429,-134.0467,1573201420,1573201741.0439026
928,928,35.5133,-132.3806,1573201450,1573201966.6694205
929,929,36.7564,-130.6572,1573201481,1573202218.7784867
930,930,37.9899,-128.8433,1573201511,1573202498.2926145
931,931,39.1709,-126.9955,1573201541,1573202791.1068277
932,932,40.3173,-125.0812,1573201571,1573203095.4939275
933,933,41.4448,-123.0639,1573201602,1573203409.8731797
934,934,42.5137,-121.0065,1573201632,1573203715.9548905
935,935,43.5395,-118.8751,1573201662,1573204010.257866
936,936,44.5199,-116.6659,1573201692,1573204283.7222028
937,937,45.4659,-114.3409,1573201723,1573204530.2130842
938,938,46.3432,-111.975,1573201753,1573204731.4364474
939,939,47.1645,-109.5306,1573201783,1573204881.8911676
940,940,47.9266,-107.0082,1573201813,1573204972.0862658
941,941,48.6371,-104.3659,1573201843,1573204992.7351205
942,942,49.2693,-101.6934,1573201874,1573204935.1367478
943,943,49.8321,-98.9526,1573201904,1573204793.7924657
944,944,50.3225,-96.1485,1573201934,1573204563.931347
945,945,50.7378,-93.2878,1573201964,1573204243.084434
946,946,51.0804,-90.3296,1573201994,1573203823.3987987
947,947,51.337,-87.3803,1573202024,1573203321.2690544
948,948,51.5122,-84.4022,1573202055,1573202735.8490448
949,949,51.6048,-81.4059,1573202085,1573202074.8968859
950,950,51.6138,-78.3521,1573202115,1573201336.1536515
951,951,51.5387,-75.3532,1573202145,1573200556.4897869
952,952,51.3809,-72.3701,1573202175,1573199738.403922
953,953,51.1414,-69.414,1573202205,1573198897.2391574
954,954,50.8217,-66.4946,1573202235,1573198048.7730167
955,955,50.4166,-63.5745,1573202266,1573197195.3656616
956,956,49.9417,-60.7573,1573202296,1573196380.5547016
957,957,49.3939,-58.0021,1573202326,1573195604.986519
958,958,48.776,-55.3142,1573202356,1573194881.7857056
959,959,48.0792,-52.6553,1573202387,1573194212.3619668
960,960,47.3298,-50.1162,1573202417,1573193628.8769484
961,961,46.5205,-47.6547,1573202447,1573193127.9251764
962,962,45.6545,-45.2718,1573202477,1573192715.6229348
963,963,44.7194,-42.9297,1573202508,1573192391.7503245
964,964,43.7492,-40.7047,1573202538,1573192169.4472961
965,965,42.7324,-38.5565,1573202568,1573192043.339611
966,966,41.672,-36.4833,1573202598,1573192012.4813623
967,967,40.5523,-34.45,1573202628,1573192076.2333603
968,968,39.4129,-32.5206,1573202659,1573192228.6431015
969,969,38.2384,-30.6581,1573202689,1573192464.9798238
970,970,37.0313,-28.8598,1573202719,1573192779.1733284
971,971,35.7733,-27.0941,1573202749,1573193171.1859949
972,972,34.508,-25.4158,1573202779,1573193620.3068943
973,973,33.2168,-23.7919,1573202809,1573194124.2278018
974,974,31.9018,-22.2195,1573202839,1573194674.2214825
975,975,30.5423,-20.6702,1573202870,1573195271.4648721
976,976,29.1846,-19.1919,1573202900,1573195887.2346294
977,977,27.8084,-17.7559,1573202930,1573196522.0016315
978,978,26.4148,-16.3591,1573202960,1573197167.1768415
979,979,24.982,-14.9766,1573202991,1573197824.9015005
980,980,23.5581,-13.651,1573203021,1573198465.5916336
981,981,22.121,-12.3566,1573203051,1573199092.6026442
982,982,20.6719,-11.0911,1573203081,1573199699.1103098
983,983,19.2116,-9.8519,1573203111,1573200279.1510675
984,984,17.7167,-8.6167,1573203142,1573200836.203667
985,985,16.2372,-7.4238,1573203172,1573201347.476129
986,986,14.75,-6.251,1573203202,1573201818.6656353
987,987,13.2555,-5.0957,1573203232,1573202247.244049
988,988,11.7295,-3.9372,1573203263,1573202637.3979764
989,989,10.2232,-2.8118,1573203293,1573202975.3213353
990,990,8.7122,-1.6981,1573203323,1573203267.798808
991,991,7.1972,-0.5945,1573203353,1573203515.6003222
992,992,5.6789,0.5009,1573203383,1573203720.273795
993,993,4.1327,1.608,1573203413,1573203886.4696257
994,994,2.61,2.6922,1573203444,1573204011.6911838
995,995,1.0862,3.7734,1573203474,1573204102.482432
996,996,-0.4382,4.8535,1573203504,1573204162.825317
997,997,-1.9877,5.952,1573203534,1573204197.457776
998,998,-3.5109,7.0348,1573203564,1573204209.9885118
999,999,-5.0326,8.1215,1573203594,1573204206.0756814
1000,1000,-6.552,9.2139,1573203624,1573204190.7073467
1001,1001,-8.0936,10.3321,1573203655,1573204168.4949753
1002,1002,-9.6062,11.4413,1573203685,1573204145.1451318
1003,1003,-11.1142,12.5615,1573203715,1573204125.060425
1004,1004,-12.6171,13.6946,1573203745,1573204112.6969275
1005,1005,-14.1139,14.8425,1573203775,1573204112.1495895
1006,1006,-15.6286,16.0268,1573203806,1573204127.4802907
1007,1007,-17.1107,17.2106,1573203836,1573204161.3979027
1008,1008,-18.5844,18.4156,1573203866,1573204216.6157293
1009,1009,-20.0483,19.6435,1573203896,1573204295.1113248
1010,1010,-21.5262,20.9183,1573203927,1573204400.2029803
1011,1011,-22.9678,22.1999,1573203957,1573204529.0751994
1012,1012,-24.3966,23.5117,1573203987,1573204683.2437775
1013,1013,-25.8113,24.856,1573204017,1573204862.0036016
1014,1014,-27.211,26.2358,1573204047,1573205064.0420315
1015,1015,-28.617,27.6777,1573204078,1573205291.206862
1016,1016,-29.9818,29.1373,1573204108,1573205533.4168282
1017,1017,-31.3491,30.666,1573204138,1573205795.4282262
1018,1018,-32.6726,32.2169,1573204168,1573206064.9720304
1019,1019,-33.9731,33.8179,1573204198,1573206342.1152008
1020,1020,-35.2697,35.5001,1573204229,1573206627.0642762
1021,1021,-36.5179,37.2115,1573204259,1573206905.6969094
1022,1022,-37.7368,38.9822,1573204289,1573207177.6782937
1023,1023,-38.9241,40.8157,1573204319,1573207437.9128106
1024,1024,-40.0965,42.747,1573204350,1573207685.273191
1025,1025,-41.2128,44.7161,1573204380,1573207906.4028192
1026,1026,-42.2897,46.7564,1573204410,1573208100.5050082
1027,1027,-43.3245,48.8708,1573204440,1573208262.7054715
1028,1028,-44.3138,51.0607,1573204470,1573208388.2014084
1029,1029,-45.27,53.3668,1573204501,1573208473.522921
1030,1030,-46.1585,55.7144,1573204531,1573208511.5274806
1031,1031,-46.9918,58.1406,1573204561,1573208499.8389366
1032,1032,-47.7665,60.6444,1573204591,1573208434.7184472
1033,1033,-48.4906,63.2682,1573204621,1573208310.110011
1034,1034,-49.137,65.923,1573204652,1573208126.9834208
1035,1035,-49.7148,68.6472,1573204682,1573207881.0733812
1036,1036,-50.221,71.4356,1573204712,1573207570.2532115
1037,1037,-50.6592,74.3298,1573204742,1573207186.0447903
1038,1038,-51.0126,77.2268,1573204772,1573206740.4356985
1039,1039,-51.2868,80.1652,1573204802,1573206227.7651083
1040,1040,-51.4802,83.1352,1573204832,1573205649.415567
1041,1041,-51.5924,86.1755,1573204863,1573204996.7220955
1042,1042,-51.6193,89.1753,1573204893,1573204295.267269
1043,1043,-51.563,92.1729,1573204923,1573203540.180245
1044,1044,-51.4241,95.1576,1573204953,1573202738.4470654
1045,1045,-51.199,98.1665,1573204984,1573201884.4255033
1046,1046,-50.8965,101.0913,1573205014,1573201015.9341183
1047,1047,-50.5156,103.9715,1573205044,1573200130.6133003
1048,1048,-50.0585,106.7989,1573205074,1573199240.4814274
1049,1049,-49.5279,109.5661,1573205104,1573198358.4599512
1050,1050,-48.9161,112.3114,1573205135,1573197483.7221231
1051,1051,-48.2464,114.9401,1573205165,1573196658.45996
1052,1052,-47.5125,117.4946,1573205195,1573195881.0314746
1053,1053,-46.7178,119.972,1573205225,1573195163.9813588
1054,1054,-45.8512,122.4105,1573205256,1573194508.806313
1055,1055,-44.9444,124.7293,1573205286,1573193947.4730597
1056,1056,-43.9871,126.9701,1573205316,1573193477.5786335
1057,1057,-42.9825,129.134,1573205346,1573193106.6003823
1058,1058,-41.9158,131.2567,1573205376,1573192836.8840508
1059,1059,-40.8251,133.271,1573205406,1573192681.5651047
1060,1060,-39.6958,135.2151,1573205437,1573192637.875305
1061,1061,-38.531,137.0915,1573205467,1573192706.812411
1062,1062,-37.313,138.9326,1573205497,1573192891.6801224
1063,1063,-36.0841,140.6815,1573205527,1573193184.3282793
1064,1064,-34.8268,142.372,1573205557,1573193583.4182265
1065,1065,-33.5434,144.0072,1573205587,1573194084.2294667
1066,1066,-32.2356,145.5904,1573205617,1573194681.0287116
1067,1067,-30.8833,147.1498,1573205648,1573195379.0521002
1068,1068,-29.5321,148.6375,1573205678,1573196147.7452576
1069,1069,-28.162,150.0822,1573205708,1573196989.164078
1070,1070,-26.7744,151.487,1573205738,1573197894.1986508
1071,1071,-25.3471,152.8771,1573205769,1573198869.427043
1072,1072,-23.9282,154.2098,1573205799,1573199872.4654198
1073,1073,-22.496,155.5104,1573205829,1573200907.8142288
1074,1074,-21.0511,156.782,1573205859,1573201964.7179015
1075,1075,-19.5707,158.047,1573205890,1573203049.0350142
1076,1076,-18.1043,159.2664,1573205920,1573204113.277303
1077,1077,-16.6289,160.4633,1573205950,1573205162.9482336
1078,1078,-15.1451,161.64,1573205980,1573206185.8926013
1079,1079,-13.6539,162.7985,1573206010,1573207169.4999826
1080,1080,-12.131,163.9598,1573206041,1573208116.1504846
1081,1081,-10.6273,165.0878,1573206071,1573208981.7236652
1082,1082,-9.1188,166.2033,1573206101,1573209769.105953
1083,1083,-7.6061,167.3084,1573206131,1573210465.3596277
1084,1084,-6.0646,168.423,1573206161,1573211066.1832278
1085,1085,-4.5456,169.5125,1573206191,1573211538.4602473
1086,1086,-3.0244,170.5969,1573206222,1573211879.5791214
1087,1087,-1.5019,171.6779,1573206252,1573212076.0645268
1088,1088,0.0466,172.7752,1573206282,1573212113.5963664
1089,1089,1.57,173.8547,1573206312,1573211977.032836
1090,1090,3.0925,174.9359,1573206342,1573211654.4953842
1091,1091,4.6137,176.0206,1573206372,1573211131.8429484
1092,1092,6.1581,177.1287,1573206403,1573210380.4749248
1093,1093,7.6745,178.2257,1573206433,1573209409.8763373
1094,1094,9.1873,179.3315,1573206463,1573208194.134307
1095,1095,10.6959,-179.5522,1573206493,1573206885.0316408
1096,1096,12.1996,-178.4234,1573206523,1573207305.825204
1097,1097,13.7225,-177.2611,1573206554,1573207685.2887719
1098,1098,15.2138,-176.1015,1573206584,1573208013.0857656
1099,1099,16.6978,-174.9235,1573206614,1573208298.3688507
1100,1100,18.198,-173.7048,1573206645,1573208547.7834177
1101,1101,19.6643,-172.4834,1573206675,1573208756.5096707
1102,1102,21.1203,-171.2372,1573206705,1573208932.5111198
1103,1103,22.5892,-169.9423,1573206735,1573209081.8883278
1104,1104,24.0214,-168.6388,1573206765,1573209203.7323842
1105,1105,25.4399,-167.3033,1573206795,1573209304.8526525
1106,1106,26.8671,-165.9098,1573206826,1573209390.740491
1107,1107,28.2545,-164.5015,1573206856,1573209462.704892
1108,1108,29.6243,-163.0529,1573206886,1573209526.2657735
1109,1109,30.975,-161.5611,1573206916,1573209585.2256901
1110,1110,32.3049,-160.0232,1573206946,1573209643.105498
1111,1111,33.6338,-158.4093,1573206977,1573209704.100575
1112,1112,34.9164,-156.7691,1573207007,1573209769.0164635
1113,1113,36.1727,-155.0732,1573207037,1573209840.9935048
1114,1114,37.4004,-153.3185,1573207067,1573209921.58061
1115,1115,38.6169,-151.4713,1573207098,1573210013.3068037
1116,1116,39.7801,-149.5885,1573207128,1573210113.2426891
1117,1117,40.9074,-147.6379,1573207158,1573210222.0209613
1118,1118,41.9961,-145.6164,1573207188,1573210337.7947717
1119,1119,43.0433,-143.5215,1573207218,1573210457.692957
1120,1120,44.0624,-141.3144,1573207249,1573210579.7680001
1121,1121,45.0168,-139.0655,1573207279,1573210694.686664
1122,1122,45.9202,-136.7382,1573207309,1573210797.9514143
1123,1123,46.7695,-134.3321,1573207339,1573210882.0711894
1124,1124,47.5738,-131.8053,1573207369,1573210938.7826672
1125,1125,48.3033,-129.2424,1573207399,1573210956.4845567
1126,1126,48.9683,-126.605,1573207430,1573210925.9765534
1127,1127,49.5655,-123.8966,1573207460,1573210836.5255694
1128,1128,50.0999,-121.0758,1573207490,1573210674.3515065
1129,1129,50.551,-118.2408,1573207520,1573210434.5855231
1130,1130,50.9257,-115.3535,1573207550,1573210106.6788971
1131,1131,51.2215,-112.4226,1573207580,1573209683.5809574
1132,1132,51.4367,-109.4575,1573207611,1573209160.8451855
1133,1133,51.5714,-106.4186,1573207641,1573208525.4137623
1134,1134,51.6202,-103.4171,1573207671,1573207799.518812
1135,1135,51.5858,-100.4142,1573207701,1573206978.2496924
1136,1136,51.4684,-97.422,1573207731,1573206069.6423774
1137,1137,51.2647,-94.4017,1573207762,1573205067.3306177
1138,1138,50.9827,-91.4638,1573207792,1573204018.0313847
1139,1139,50.6215,-88.568,1573207822,1573202921.3379853
1140,1140,50.1834,-85.7232,1573207852,1573201794.3607757
1141,1141,49.6709,-82.9367,1573207882,1573200654.7524383
1142,1142,49.0765,-80.1704,1573207913,1573199501.781481
1143,1143,48.423,-77.5203,1573207943,1573198391.271586
1144,1144,47.7044,-74.944,1573207973,1573197320.7604382
1145,1145,46.924,-72.4443,1573208003,1573196305.6306312
1146,1146,46.0707,-69.9829,1573208034,1573195344.4961088
1147,1147,45.1762,-67.6415,1573208064,1573194481.1737595
1148,1148,44.2302,-65.3787,1573208094,1573193709.0123854
1149,1149,43.2358,-63.1931,1573208124,1573193035.6456141
1150,1150,42.1785,-61.0486,1573208154,1573192458.2009501
1151,1151,41.0963,-59.014,1573208184,1573191999.3330584
1152,1152,39.975,-57.0507,1573208215,1573191650.117067
1153,1153,38.8173,-55.1557,1573208245,1573191410.167202
1154,1154,37.6058,-53.2966,1573208275,1573191276.0346887
1155,1155,36.3827,-51.531,1573208305,1573191248.304173
1156,1156,35.1306,-49.8247,1573208335,1573191318.6987658
1157,1157,33.8516,-48.1742,1573208365,1573191480.853964
1158,1158,32.526,-46.5508,1573208396,1573191732.0224087
1159,1159,31.199,-45.0039,1573208426,1573192055.6390312
1160,1160,29.8511,-43.5039,1573208456,1573192446.0915825
1161,1161,28.4838,-42.0477,1573208486,1573192893.99249
1162,1162,27.0754,-40.6089,1573208517,1573193398.325833
1163,1163,25.6734,-39.2318,1573208547,1573193932.6994615
1164,1164,24.2563,-37.8898,1573208577,1573194495.318848
1165,1165,22.8254,-36.5804,1573208607,1573195076.715592
1166,1166,21.3577,-35.2798,1573208638,1573195677.7647781
1167,1167,19.9026,-34.0285,1573208668,1573196269.9909844
1168,1168,18.4371,-32.8025,1573208698,1573196855.3089588
1169,1169,16.9621,-31.5994,1573208728,1573197426.5612924
1170,1170,15.4539,-30.3976,1573208758,1573197986.2451637
1171,1171,13.9628,-29.2343,1573208788,1573198510.4027116
1172,1172,12.4649,-28.0875,1573208819,1573199003.778906
1173,1173,10.9608,-26.9553,1573208849,1573199462.6454158
1174,1174,9.452,-25.8361,1573208879,1573199884.0421724
1175,1175,7.9136,-24.7094,1573208909,1573200272.248776
1176,1176,6.3968,-23.6104,1573208939,1573200613.5541534
1177,1177,4.8771,-22.5186,1573208969,1573200914.6333234
1178,1178,3.3553,-21.4324,1573209000,1573201176.2281146
1179,1179,1.8065,-20.3318,1573209030,1573201403.3708482
1180,1180,0.2823,-19.2514,1573209060,1573201590.8643985
1181,1181,-1.242,-18.1714,1573209090,1573201745.6684167
1182,1182,-2.7656,-17.09,1573209120,1573201871.2854688
1183,1183,-4.3133,-15.9875,1573209151,1573201973.1082947
1184,1184,-5.8337,-14.8981,1573209181,1573202052.2089791
1185,1185,-7.3515,-13.802,1573209211,1573202115.0467253
1186,1186,-8.8659,-12.6977,1573209241,1573202166.3479528
1187,1187,-10.3763,-11.5831,1573209271,1573202211.0063407
1188,1188,-11.907,-10.4375,1573209302,1573202254.5748856
1189,1189,-13.4069,-9.2968,1573209332,1573202300.383399
1190,1190,-14.9003,-8.1402,1573209362,1573202353.7109306
1191,1191,-16.3862,-6.9659,1573209392,1573202418.7803245
1192,1192,-17.8886,-5.7515,1573209423,1573202500.9893785
1193,1193,-19.3572,-4.5348,1573209453,1573202601.1354194
1194,1194,-20.8156,-3.2938,1573209483,1573202723.4171946
1195,1195,-22.287,-2.0048,1573209513,1573202872.9397671
1196,1196,-23.7219,-0.7078,1573209543,1573203046.6829896
1197,1197,-25.1436,0.621,1573209573,1573203248.23306
1198,1198,-26.5506,1.9837,1573209604,1573203478.1894064
1199,1199,-27.9649,3.4071,1573209634,1573203741.2498412
1200,1200,-29.3383,4.8468,1573209664,1573204028.146609
1201,1201,-30.6929,6.329,1573209694,1573204341.8930326
1202,1202,-32.0271,7.8567,1573209724,1573204680.8278742
1203,1203,-33.3608,9.4594,1573209755,1573205048.9365096
1204,1204,-34.6484,11.088,1573209785,1573205431.4958055
1205,1205,-35.91,12.7714,1573209815,1573205831.2405205
1206,1206,-37.1435,14.5127,1573209845,1573206244.678587
1207,1207,-38.3664,16.3457,1573209876,1573206675.1084695
1208,1208,-39.5363,18.2134,1573209906,1573207104.2450361
1209,1209,-40.6709,20.1485,1573209936,1573207534.6899793
1210,1210,-41.7855,22.1878,1573209966,1573207968.8598814
1211,1211,-42.8407,24.2671,1573209997,1573208387.5763793
1212,1212,-43.852,26.4213,1573210027,1573208792.8348055
1213,1213,-44.8318,28.6899,1573210057,1573209185.474916
1214,1214,-45.7451,31.0,1573210087,1573209547.0142553
1215,1215,-46.6048,33.3888,1573210117,1573209878.1016104
1216,1216,-47.4075,35.8557,1573210147,1573210172.510699
1217,1217,-48.1618,38.443,1573210178,1573210427.6025739
1218,1218,-48.8396,41.0638,1573210208,1573210628.2036185
1219,1219,-49.4503,43.7559,1573210238,1573210771.9256866
1220,1220,-49.9907,46.5147,1573210268,1573210851.8277395
1221,1221,-50.458,49.3346,1573210298,1573210861.1481748
1222,1222,-50.8553,52.257,1573210329,1573210791.579211
1223,1223,-51.1672,55.1772,1573210359,1573210639.546925
1224,1224,-51.3989,58.1331,1573210389,1573210399.7446105
1225,1225,-51.549,61.1156,1573210419,1573210068.465
1226,1226,-51.6169,64.1629,1573210450,1573209635.8742018
1227,1227,-51.5999,67.1632,1573210480,1573209116.0019937
1228,1228,-51.5,70.1554,1573210510,1573208504.3083262
1229,1229,-51.3177,73.1284,1573210540,1573207804.5573442
1230,1230,-51.0493,76.1204,1573210570,1573207009.0519688
1231,1231,-50.7052,79.0226,1573210601,1573206151.948464
1232,1232,-50.2838,81.8758,1573210631,1573205230.3932061
1233,1233,-49.7876,84.6722,1573210661,1573204255.4082189
1234,1234,-49.2093,87.4501,1573210691,1573203221.8638997
1235,1235,-48.571,90.1129,1573210721,1573202176.6706207
1236,1236,-47.867,92.7026,1573210751,1573201116.2711792
1237,1237,-47.1008,95.2163,1573210782,1573200053.8054194
1238,1238,-46.2755,97.6523,1573210812,1573199001.7448993
1239,1239,-45.3796,100.0483,1573210842,1573197955.3671992
1240,1240,-44.4458,102.3259,1573210872,1573196960.208836
1241,1241,-43.4631,104.5261,1573210902,1573196008.9254816
1242,1242,-42.4348,106.6499,1573210932,1573195110.636311
1243,1243,-41.3456,108.7333,1573210963,1573194259.5456808
1244,1244,-40.2343,110.71,1573210993,1573193490.3523047
1245,1245,-39.0861,112.6178,1573211023,1573192793.8941414
1246,1246,-37.9035,114.4598,1573211053,1573192174.4013817
1247,1247,-36.6687,116.2677,1573211084,1573191626.9498868
1248,1248,-35.4246,117.9854,1573211114,1573191171.7718503
1249,1249,-34.1532,119.6464,1573211144,1573190800.4993975
1250,1250,-32.8568,121.2537,1573211174,1573190513.7632732
1251,1251,-31.5146,122.8366,1573211205,1573190308.6585639
1252,1252,-30.173,124.3455,1573211235,1573190191.1974046
1253,1253,-28.7888,125.8342,1573211265,1573190156.0255952
1254,1254,-27.4089,127.257,1573211295,1573190202.428976
1255,1255,-25.989,128.6639,1573211326,1573190329.5136924
1256,1256,-24.5767,130.012,1573211356,1573190530.4309597
1257,1257,-23.1504,131.3268,1573211386,1573190803.4518278
1258,1258,-21.7112,132.6114,1573211416,1573191145.3634691
1259,1259,-20.2602,133.8678,1573211446,1573191552.3537521
1260,1260,-18.7742,135.1188,1573211477,1573192028.8571517
1261,1261,-17.3028,136.3256,1573211507,1573192554.9974947
1262,1262,-15.8227,137.5113,1573211537,1573193133.8340297
1263,1263,-14.3347,138.6779,1573211567,1573193760.7987032
1264,1264,-12.8149,139.8463,1573211598,1573194442.6448252
1265,1265,-11.3138,140.9805,1573211628,1573195152.3413467
1266,1266,-9.8072,142.1015,1573211658,1573195895.7414863
1267,1267,-8.2964,143.2111,1573211688,1573196667.8615124
1268,1268,-6.7561,144.3297,1573211718,1573197477.449922
1269,1269,-5.2381,145.4222,1573211748,1573198292.8157704
1270,1270,-3.7178,146.5088,1573211779,1573199122.2333279
1271,1271,-2.1958,147.5911,1573211809,1573199960.8837626
1272,1272,-0.6474,148.689,1573211839,1573200818.3866298
1273,1273,0.8758,149.7681,1573211869,1573201662.060178
1274,1274,2.3986,150.8482,1573211899,1573202501.8109984
1275,1275,3.9204,151.9311,1573211929,1573203333.7596128
1276,1276,5.4406,153.0184,1573211959,1573204154.1407628
1277,1277,6.9836,154.1302,1573211990,1573204972.8504004
1278,1278,8.4983,155.2318,1573212020,1573205759.829974
1279,1279,10.009,156.3431,1573212050,1573206525.6521342
1280,1280,11.515,157.466,1573212080,1573207267.6178305
1281,1281,13.0406,158.6214,1573212111,1573207994.7624671
1282,1282,14.5351,159.7734,1573212141,1573208680.6007383
1283,1283,16.0224,160.9428,1573212171,1573209334.4485772
1284,1284,17.5019,162.1316,1573212201,1573209953.1795855
1285,1285,18.9971,163.3624,1573212232,1573210542.397109
1286,1286,20.4582,164.5973,1573212262,1573211078.1088436
1287,1287,21.9082,165.8579,1573212292,1573211564.0722945
1288,1288,23.3464,167.1471,1573212322,1573211992.628488
1289,1289,24.7952,168.4894,1573212352,1573212358.91446
1290,1290,26.2058,169.8434,1573212383,1573212637.3846035
1291,1291,27.6009,171.2336,1573212413,1573212817.3538017
1292,1292,28.9791,172.6628,1573212443,1573212876.493415
1293,1293,30.3615,174.1586,1573212473,1573212783.5878892
1294,1294,31.7011,175.675,1573212503,1573212505.1223266
1295,1295,33.0188,177.2391,1573212533,1573211995.5863376
1296,1296,34.3345,178.8816,1573212564,1573211182.7800934
1297,1297,35.6029,-179.4484,1573212594,1573208746.3577654
1298,1298,36.8441,-177.7209,1573212624,1573208852.7209544
1299,1299,38.0552,-175.9331,1573212654,1573208957.4202955
1300,1300,39.2343,-174.0818,1573212684,1573209069.2481794
1301,1301,40.3975,-172.1314,1573212715,1573209199.0281324
1302,1302,41.5041,-170.1425,1573212745,1573209350.254846
1303,1303,42.5706,-168.0816,1573212775,1573209531.0388265
1304,1304,43.594,-165.946,1573212805,1573209746.244703
1305,1305,44.5871,-163.6964,1573212836,1573210003.0291712
1306,1306,45.5142,-161.4052,1573212866,1573210293.1743162
1307,1307,46.3886,-159.0352,1573212896,1573210618.170309
1308,1308,47.2068,-156.5867,1573212926,1573210972.431999
1309,1309,47.9777,-154.0175,1573212956,1573211353.5789652
1310,1310,48.6726,-151.4139,1573212987,1573211736.9163396
1311,1311,49.3011,-148.7376,1573213017,1573212113.5153623
1312,1312,49.8601,-145.9932,1573213047,1573212465.5981543
1313,1313,50.3541,-143.1385,1573213077,1573212778.1778467
1314,1314,50.764,-140.2742,1573213107,1573213019.813203
1315,1315,51.0962,-137.3617,1573213137,1573213175.06253
1316,1316,51.3485,-134.4104,1573213168,1573213223.8462665
1317,1317,51.5214,-131.3805,1573213198,1573213145.824968
1318,1318,51.6083,-128.3826,1573213228,1573212928.7950017
1319,1319,51.6119,-125.3784,1573213258,1573212561.9491713
1320,1320,51.5302,-122.3302,1573213289,1573212029.6765008
